

INSERT INTO users (id, username, password, roles) VALUES (1, 'sai', '$2a$10$d0euRMGvQdIXPJtAgV.m3.3179oIRbeHiuTSSMp2/lrU4OBJ0Llqu','ROLE_ADMIN');
INSERT INTO users (id, username, password, roles) VALUES (2, 'admin', 'admin','ROLE_BILLER');

Insert INTO sections(id,name) VALUES(1,'Classics');
Insert INTO sections(id,name) VALUES(2,'Chocolate');
Insert INTO sections(id,name) VALUES(3,'Double Chocolate');
Insert INTO sections(id,name) VALUES(4,'Love Of Velvet');
Insert INTO sections(id,name) VALUES(5,'Ice-cream waff wich');
Insert INTO sections(id,name) VALUES(6,'Waffle Sundaes');
Insert INTO sections(id,name) VALUES(7,'Waffle Cakes');
Insert INTO sections(id,name) VALUES(8,'Large Waffle Loves');
Insert INTO sections(id,name) VALUES(9,'Mini Waffle Loves');
Insert INTO sections(id,name) VALUES(10,'Assorted box');

Insert INTO subsec(id, name, section_id) VALUES(1, 'Honey Butter', 1);
Insert INTO subSec(id, name, section_id) VALUES(2, 'Honey Butter (Waff-wich)', 1);
Insert INTO subSec(id, name, section_id) VALUES(3, 'Honey Butter (Mini Pan Cake)', 1);
Insert INTO subSec(id, name, section_id) VALUES(4, 'Strawberry Creamcheese', 1);
Insert INTO subSec(id, name, section_id) VALUES(5, 'Strawberry Creamcheese (Waff-wich)', 1);
Insert INTO subSec(id, name, section_id) VALUES(6, 'Strawberry Creamcheese (Mini Pan Cake)', 1);
Insert INTO subSec(id, name, section_id) VALUES(7, 'Blueberry Creamcheese', 1);
Insert INTO subSec(id, name, section_id) VALUES(8, 'Blueberry Creamcheese (Waff-wich)', 1);
Insert INTO subSec(id, name, section_id) VALUES(9, 'Blueberry Creamcheese (Mini Pan Cake)', 1);
Insert INTO subSec(id, name, section_id) VALUES(10, 'Almond Cocoa Butter', 1);
Insert INTO subSec(id, name, section_id) VALUES(11, 'Almond Cocoa Butter (Waff-wich)', 1);
Insert INTO subSec(id, name, section_id) VALUES(12, 'Almond Cocoa Butter (Mini Pan Cake)', 1);
Insert INTO subSec(id, name, section_id) VALUES(13, 'Peanut Butter Chocolate', 1);
Insert INTO subSec(id, name, section_id) VALUES(14, 'Peanut Butter Chocolate (Waff-wich)', 1);
Insert INTO subSec(id, name, section_id) VALUES(15, 'Peanut Butter Chocolate (Mini Pan Cake)', 1);
Insert INTO subSec(id, name, section_id) VALUES(16, 'Love Of Nutella', 2);
Insert INTO subSec(id, name, section_id) VALUES(17, 'Love Of Nutella (Waff-wich)', 2);
Insert INTO subSec(id, name, section_id) VALUES(18, 'Love Of Nutella (Mini Pan Cake)', 2);
Insert INTO subSec(id, name, section_id) VALUES(19, 'Kit-Kat Love', 2);
Insert INTO subSec(id, name, section_id) VALUES(20, 'Kit-Kat Love (Waff-wich)', 2);
Insert INTO subSec(id, name, section_id) VALUES(21, 'Kit-Kat Love (Mini Pan Cake)', 2);
Insert INTO subSec(id, name, section_id) VALUES(22, 'Chocolate Love', 2);
Insert INTO subSec(id, name, section_id) VALUES(23, 'Chocolate Love (Waff-wich)', 2);
Insert INTO subSec(id, name, section_id) VALUES(24, 'Chocolate Love (Mini Pan Cake)', 2);
Insert INTO subSec(id, name, section_id) VALUES(25, 'Coffee Craze', 2);
Insert INTO subSec(id, name, section_id) VALUES(26, 'Coffee Craze (Waff-wich)', 2);
Insert INTO subSec(id, name, section_id) VALUES(27, 'Coffee Craze (Mini Pan Cake)', 2);
Insert INTO subSec(id, name, section_id) VALUES(28, 'Butterscotch Crunch', 2);
Insert INTO subSec(id, name, section_id) VALUES(29, 'Butterscotch Crunch (Waff-wich)', 2);
Insert INTO subSec(id, name, section_id) VALUES(30, 'Butterscotch Crunch (Mini Pan Cake)', 2);
Insert INTO subSec(id, name, section_id) VALUES(31, 'Dark & White Love', 3);
Insert INTO subSec(id, name, section_id) VALUES(32, 'Dark & White Love (Waff-wich)', 3);
Insert INTO subSec(id, name, section_id) VALUES(33, 'Dark & White Love (Mini Pan Cake)', 3);
Insert INTO subSec(id, name, section_id) VALUES(34, 'Double Chocolate Love', 3);
Insert INTO subSec(id, name, section_id) VALUES(35, 'Double Chocolate Love (Waff-wich)', 3);
Insert INTO subSec(id, name, section_id) VALUES(36, 'Double Chocolate Love (Mini Pan Cake)', 3);
Insert INTO subSec(id, name, section_id) VALUES(37, 'Triple Chocolate DC', 3);
Insert INTO subSec(id, name, section_id) VALUES(38, 'Triple Chocolate DC (Waff-wich)', 3);
Insert INTO subSec(id, name, section_id) VALUES(39, 'Triple Chocolate DC (Mini Pan Cake)', 3);
Insert INTO subSec(id, name, section_id) VALUES(40, 'Almond Brownie', 3);
Insert INTO subSec(id, name, section_id) VALUES(41, 'Cookies & Crunch Cream', 4);
Insert INTO subSec(id, name, section_id) VALUES(42, 'Cookies & Crunch Cream (Waff-wich)', 4);
Insert INTO subSec(id, name, section_id) VALUES(43, 'Cookies & Crunch Cream (Mini Pan Cake)', 4);
Insert INTO subSec(id, name, section_id) VALUES(44, 'Red Velvet', 4);
Insert INTO subSec(id, name, section_id) VALUES(45, 'Red Velvet (Waff-wich)', 4);
Insert INTO subSec(id, name, section_id) VALUES(46, 'Red Velvet (Mini Pan Cake)', 4);
Insert INTO subSec(id, name, section_id) VALUES(47, 'Lotus Biscoff', 4);
Insert INTO subSec(id, name, section_id) VALUES(48, 'Lotus Biscoff (Waff-wich)', 4);
Insert INTO subSec(id, name, section_id) VALUES(49, 'Lotus Biscoff (Mini Pan Cake)', 4);
Insert INTO subSec(id, name, section_id) VALUES(50, 'Berry Red Velvet', 4);
Insert INTO subSec(id, name, section_id) VALUES(51, 'Almond Brownie Cake', 7);
Insert INTO subSec(id, name, section_id) VALUES(52, 'Almond Brownie Cake (Double Layer)', 7);
Insert INTO subSec(id, name, section_id) VALUES(53, 'Almond Brownie Cake (Single Layer)', 7);
Insert INTO subSec(id, name, section_id) VALUES(54, 'Cookie & Oreo Cream Cake', 7);
Insert INTO subSec(id, name, section_id) VALUES(55, 'Cookie & Oreo Cream Cake (Double Layer)', 7);
Insert INTO subSec(id, name, section_id) VALUES(56, 'Cookie & Oreo Cream Cake (Single Layer)', 7);
Insert INTO subSec(id, name, section_id) VALUES(57, 'Death By Chocolate Cake', 7);
Insert INTO subSec(id, name, section_id) VALUES(58, 'Death By Chocolate Cake (Double Layer)', 7);
Insert INTO subSec(id, name, section_id) VALUES(59, 'Death By Chocolate Cake (Single Layer)', 7);
Insert INTO subSec(id, name, section_id) VALUES(60, 'Berry Red Velvet W', 7);
Insert INTO subSec(id, name, section_id) VALUES(61, 'Berry Red Velvet W (Double Layer)', 7);
Insert INTO subSec(id, name, section_id) VALUES(62, 'Berry Red Velvet W (Single Layer)', 7);
Insert INTO subSec(id, name, section_id) VALUES(63, 'Dark & White Delight', 9);
Insert INTO subSec(id, name, section_id) VALUES(64, 'Milk & Dark Delight', 9);
Insert INTO subSec(id, name, section_id) VALUES(65, 'Triple Chocolate M', 9);
Insert INTO subSec(id, name, section_id) VALUES(66, 'Waffle With Sprinkles', 9);
Insert INTO subSec(id, name, section_id) VALUES(67, 'Milk Chocoate Fantasy', 9);
Insert INTO subSec(id, name, section_id) VALUES(68, 'Oreo Dark Fantasy', 9);
Insert INTO subSec(id, name, section_id) VALUES(69, 'Kit Kat Crunch', 9);
Insert INTO subSec(id, name, section_id) VALUES(70, 'Naughty Nutella', 9);
Insert INTO subSec(id, name, section_id) VALUES(71, 'Brownie Blast', 9);
INSERT INTO subSec(id, name, section_id) VALUES (72, 'Nuts Overload', 5);
INSERT INTO subSec(id, name, section_id) VALUES (73, 'Nuts Overload (Waff-wich)', 5);
INSERT INTO subSec(id, name, section_id) VALUES (74, 'Nuts Overload (Mini Pan Cake)', 5);
INSERT INTO subSec(id, name, section_id) VALUES (75, 'Ice Cream & Fudge', 5);
INSERT INTO subSec(id, name, section_id) VALUES (76, 'Ice Cream & Fudge (Waff-wich)', 5);
INSERT INTO subSec(id, name, section_id) VALUES (77, 'Ice Cream & Fudge (Mini Pan Cake)', 5);
INSERT INTO subSec(id, name, section_id) VALUES (78, 'Triple Cookie', 5);
INSERT INTO subSec(id, name, section_id) VALUES (79, 'Triple Cookie (Waff-wich)', 5);
INSERT INTO subSec(id, name, section_id) VALUES (80, 'Triple Cookie (Mini Pan Cake)', 5);
INSERT INTO subSec(id, name, section_id) VALUES (81, 'Sitaphal Delight', 5);
INSERT INTO subSec(id, name, section_id) VALUES (82, 'Choco Brownie Sundae', 6);
INSERT INTO subSec(id, name, section_id) VALUES (83, 'Choco Brownie Sundae (Small)', 6);
INSERT INTO subSec(id, name, section_id) VALUES (84, 'Choco Brownie Sundae (Large)', 6);
INSERT INTO subSec(id, name, section_id) VALUES (85, 'Berry Red Velvet Sundae', 6);
INSERT INTO subSec(id, name, section_id) VALUES (86, 'Berry Red Velvet Sundae (Small)', 6);
INSERT INTO subSec(id, name, section_id) VALUES (87, 'Berry Red Velvet Sundae (Large)', 6);
INSERT INTO subSec(id, name, section_id) VALUES (88, 'Lotus Biscoff Sundae', 6);
INSERT INTO subSec(id, name, section_id) VALUES (89, 'Lotus Biscoff Sundae (Small)', 6);
INSERT INTO subSec(id, name, section_id) VALUES (90, 'Lotus Biscoff Sundae (Large)', 6);
INSERT INTO subSec(id, name, section_id) VALUES (91, 'Chocolate With Sprinkles', 8);
INSERT INTO subSec(id, name, section_id) VALUES (92, 'Triple Chocolate', 8);
INSERT INTO subSec(id, name, section_id) VALUES (93, 'Milk & Dark Fantasy', 8);
INSERT INTO subSec(id, name, section_id) VALUES (94, 'Dark & White Fantasy', 8);
INSERT INTO subSec(id, name, section_id) VALUES (95, 'Oreo Cookie Crumble', 8);
INSERT INTO subSec(id, name, section_id) VALUES (96, 'White & Dark Fantasy', 8);
INSERT INTO subSec(id, name, section_id) VALUES (97, 'Caramel Delight', 8);
INSERT INTO subSec(id, name, section_id) VALUES (98, 'Dark & Milk Fantasy', 8);
INSERT INTO subSec(id, name, section_id) VALUES (99, 'Kit-Kat Waffle', 8);
INSERT INTO subSec(id, name, section_id) VALUES (100, 'Nutella Waffle', 8);
INSERT INTO subSec(id, name, section_id) VALUES (101, 'Kit-Kat Nutella Mix', 8);
INSERT INTO subSec(id, name, section_id) VALUES (102, 'Nutella Brownie Blast', 8);




INSERT INTO waffletype (name, Price, id, sub_sections_id) VALUES ('Honey Butter', '0', '1', '1');
INSERT INTO waffletype (name, Price, id, sub_sections_id) VALUES ('Honey Butter (Waff-wich)', '90', '2', '1');
INSERT INTO waffletype (name, Price, id, sub_sections_id) VALUES ('Honey Butter (Mini Pan Cake)', '70', '3', '1');
INSERT INTO waffletype (name, Price, id, sub_sections_id) VALUES ('Strawberry Creamcheese', '0', '4', '1');
INSERT INTO waffletype (name, Price, id, sub_sections_id) VALUES ('Strawberry Creamcheese (Waff-wich)', '150', '5', '1');
INSERT INTO waffletype (name, Price, id, sub_sections_id) VALUES ('Strawberry Creamcheese (Mini Pan Cake)', '130', '6', '1');
INSERT INTO waffletype (name, Price, id, sub_sections_id) VALUES ('Blueberry Creamcheese', '0', '7', '1');
INSERT INTO waffletype (name, Price, id, sub_sections_id) VALUES ('Blueberry Creamcheese (Waff-wich)', '160', '8', '1');
INSERT INTO waffletype (name, Price, id, sub_sections_id) VALUES ('Blueberry Creamcheese (Mini Pan Cake)', '140', '9', '1');
INSERT INTO waffletype (name, Price, id, sub_sections_id) VALUES ('Almond Cocoa Butter', '0', '10', '1');
INSERT INTO waffletype (name, Price, id, sub_sections_id) VALUES ('Almond Cocoa Butter (Waff-wich)', '160', '11', '1');
INSERT INTO waffletype (name, Price, id, sub_sections_id) VALUES ('Almond Cocoa Butter (Mini Pan Cake)', '130', '12', '1');
INSERT INTO waffletype (name, Price, id, sub_sections_id) VALUES ('Peanut Butter Chocolate', '0', '13', '1');
INSERT INTO waffletype (name, Price, id, sub_sections_id) VALUES ('Peanut Butter Chocolate (Waff-wich)', '140', '14', '1');
INSERT INTO waffletype (name, Price, id, sub_sections_id) VALUES ('Peanut Butter Chocolate (Mini Pan Cake)', '120', '15', '1');
INSERT INTO waffletype (name, Price, id, sub_sections_id) VALUES ('Love Of Nutella', '0', '16', '2');
INSERT INTO waffletype (name, Price, id, sub_sections_id) VALUES ('Love Of Nutella (Waff-wich)', '180', '17', '2');
INSERT INTO waffletype (name, Price, id, sub_sections_id) VALUES ('Love Of Nutella (Mini Pan Cake)', '150', '18', '2');
INSERT INTO waffletype (name, Price, id, sub_sections_id) VALUES ('Kit-Kat Love', '0', '19', '2');
INSERT INTO waffletype (name, Price, id, sub_sections_id) VALUES ('Kit-Kat Love (Waff-wich)', '160', '20', '2');
INSERT INTO waffletype (name, Price, id, sub_sections_id) VALUES ('Kit-Kat Love (Mini Pan Cake)', '130', '21', '2');
INSERT INTO waffletype (name, Price, id, sub_sections_id) VALUES ('Chocolate Love', '0', '22', '2');
INSERT INTO waffletype (name, Price, id, sub_sections_id) VALUES ('Chocolate Love (Waff-wich)', '140', '23', '2');
INSERT INTO waffletype (name, Price, id, sub_sections_id) VALUES ('Chocolate Love (Mini Pan Cake)', '110', '24', '2');
INSERT INTO waffletype (name, Price, id, sub_sections_id) VALUES ('Coffee Craze', '0', '25', '2');
INSERT INTO waffletype (name, Price, id, sub_sections_id) VALUES ('Coffee Craze (Waff-wich)', '130', '26', '2');
INSERT INTO waffletype (name, Price, id, sub_sections_id) VALUES ('Coffee Craze (Mini Pan Cake)', '100', '27', '2');
INSERT INTO waffletype (name, Price, id, sub_sections_id) VALUES ('Butterscotch Crunch', '0', '28', '2');
INSERT INTO waffletype (name, Price, id, sub_sections_id) VALUES ('Butterscotch Crunch (Waff-wich)', '120', '29', '2');
INSERT INTO waffletype (name, Price, id, sub_sections_id) VALUES ('Butterscotch Crunch (Mini Pan Cake)', '100', '30', '2');
INSERT INTO waffletype (name, Price, id, sub_sections_id) VALUES ('Dark & White Love', '0', '31', '3');
INSERT INTO waffletype (name, Price, id, sub_sections_id) VALUES ('Dark & White Love (Waff-wich)', '150', '32', '3');
INSERT INTO waffletype (name, Price, id, sub_sections_id) VALUES ('Dark & White Love (Mini Pan Cake)', '120', '33', '3');
INSERT INTO waffletype (name, Price, id, sub_sections_id) VALUES ('Double Chocolate Love', '0', '34', '3');
INSERT INTO waffletype (name, Price, id, sub_sections_id) VALUES ('Double Chocolate Love (Waff-wich)', '150', '35', '3');
INSERT INTO waffletype (name, Price, id, sub_sections_id) VALUES ('Double Chocolate Love (Mini Pan Cake)', '120', '36', '3');
INSERT INTO waffletype (name, Price, id, sub_sections_id) VALUES ('Triple Chocolate DC', '0', '37', '3');
INSERT INTO waffletype (name, Price, id, sub_sections_id) VALUES ('Triple Chocolate DC (Waff-wich)', '160', '38', '3');
INSERT INTO waffletype (name, Price, id, sub_sections_id) VALUES ('Triple Chocolate DC (Mini Pan Cake)', '130', '39', '3');
INSERT INTO waffletype (name, Price, id, sub_sections_id) VALUES ('Almond Brownie', '170', '40', '3');
INSERT INTO waffletype (name, Price, id, sub_sections_id) VALUES ('Assorted Box Of 4', '300', '41', '10');
INSERT INTO waffletype (name, Price, id, sub_sections_id) VALUES ('Chocolate Box Of 4', '310', '42', '10');
INSERT INTO waffletype (name, Price, id, sub_sections_id) VALUES ('Assorted Box Of 6', '450', '43', '10');
INSERT INTO waffletype (name, Price, id, sub_sections_id) VALUES ('Chocolate Box Of 6', '470', '44', '10');
INSERT INTO waffletype (name, Price, id, sub_sections_id) VALUES ('Cookies & Crunch Cream', '0', '45', '4');
INSERT INTO waffletype (name, Price, id, sub_sections_id) VALUES ('Cookies & Crunch Cream (Waff-wich)', '140', '46', '4');
INSERT INTO waffletype (name, Price, id, sub_sections_id) VALUES ('Cookies & Crunch Cream (Mini Pan Cake)', '110', '47', '4');
INSERT INTO waffletype (name, Price, id, sub_sections_id) VALUES ('Red Velvet', '0', '48', '4');
INSERT INTO waffletype (name, Price, id, sub_sections_id) VALUES ('Red Velvet (Waff-wich)', '150', '49', '4');
INSERT INTO waffletype (name, Price, id, sub_sections_id) VALUES ('Red Velvet (Mini Pan Cake)', '120', '50', '4');
INSERT INTO waffletype (name, Price, id, sub_sections_id) VALUES ('Lotus Biscoff', '0', '51', '4');
INSERT INTO waffletype (name, Price, id, sub_sections_id) VALUES ('Lotus Biscoff (Waff-wich)', '150', '52', '4');
INSERT INTO waffletype (name, Price, id, sub_sections_id) VALUES ('Lotus Biscoff (Mini Pan Cake)', '120', '53', '4');
INSERT INTO waffletype (name, Price, id, sub_sections_id) VALUES ('Berry Red Velvet', '150', '54', '4');
INSERT INTO waffletype (name, Price, id, sub_sections_id) VALUES ('Choco Brownie Sundae', '0', '55', '6');
INSERT INTO waffletype (name, Price, id, sub_sections_id) VALUES ('Choco Brownie Sundae (Small)', '100', '56', '6');
INSERT INTO waffletype (name, Price, id, sub_sections_id) VALUES ('Choco Brownie Sundae (Large)', '140', '57', '6');
INSERT INTO waffletype (name, Price, id, sub_sections_id) VALUES ('Crunchy Delight', '0', '58', '6');
INSERT INTO waffletype (name, Price, id, sub_sections_id) VALUES ('Crunchy Delight (Small)', '120', '59', '6');
INSERT INTO waffletype (name, Price, id, sub_sections_id) VALUES ('Crunchy Delight (Large)', '160', '60', '6');
INSERT INTO waffletype (name, Price, id, sub_sections_id) VALUES ('Nutty Sensation', '0', '61', '6');
INSERT INTO waffletype (name, Price, id, sub_sections_id) VALUES ('Nutty Sensation (Small)', '110', '62', '6');
INSERT INTO waffletype (name, Price, id, sub_sections_id) VALUES ('Nutty Sensation (Large)', '150', '63', '6');
INSERT INTO waffletype (name, Price, id, sub_sections_id) VALUES ('Nuts Overload', '0', '64', '5');
INSERT INTO waffletype (name, Price, id, sub_sections_id) VALUES ('Nuts Overload (Waff-wich)', '190', '65', '5');
INSERT INTO waffletype (name, Price, id, sub_sections_id) VALUES ('Nuts Overload (Mini Pan Cake)', '150', '66', '5');
INSERT INTO waffletype (name, Price, id, sub_sections_id) VALUES ('Ice Cream & Fudge', '0', '67', '5');
INSERT INTO waffletype (name, Price, id, sub_sections_id) VALUES ('Ice Cream & Fudge (Waff-wich)', '170', '68', '5');
INSERT INTO waffletype (name, Price, id, sub_sections_id) VALUES ('Ice Cream & Fudge (Mini Pan Cake)', '120', '69', '5');
INSERT INTO waffletype (name, Price, id, sub_sections_id) VALUES ('Triple Cookie', '0', '70', '5');
INSERT INTO waffletype (name, Price, id, sub_sections_id) VALUES ('Triple Cookie (Waff-wich)', '200', '71', '5');
INSERT INTO waffletype (name, Price, id, sub_sections_id) VALUES ('Triple Cookie (Mini Pan Cake)', '160', '72', '5');
INSERT INTO waffletype (name, Price, id, sub_sections_id) VALUES ('Sitaphal Delight', '190', '73', '5');
INSERT INTO waffletype (name, Price, id, sub_sections_id) VALUES ('Almond Brownie Cake', '0', '74', '7');
INSERT INTO waffletype (name, Price, id, sub_sections_id) VALUES ('Almond Brownie Cake (Double Layer)', '560', '75', '7');
INSERT INTO waffletype (name, Price, id, sub_sections_id) VALUES ('Almond Brownie Cake (Single Layer)', '350', '76', '7');
INSERT INTO waffletype (name, Price, id, sub_sections_id) VALUES ('Cookie & Oreo Cream Cake', '0', '77', '7');
INSERT INTO waffletype (name, Price, id, sub_sections_id) VALUES ('Cookie & Oreo Cream Cake (Double Layer)', '550', '78', '7');
INSERT INTO waffletype (name, Price, id, sub_sections_id) VALUES ('Cookie & Oreo Cream Cake (Single Layer)', '350', '79', '7');
INSERT INTO waffletype (name, Price, id, sub_sections_id) VALUES ('Death By Chocolate Cake', '0', '80', '7');
INSERT INTO waffletype (name, Price, id, sub_sections_id) VALUES ('Death By Chocolate Cake (Double Layer)', '550', '81', '7');
INSERT INTO waffletype (name, Price, id, sub_sections_id) VALUES ('Death By Chocolate Cake (Single Layer)', '330', '82', '7');
INSERT INTO waffletype (name, Price, id, sub_sections_id) VALUES ('Berry Red Velvet W', '0', '83', '7');
INSERT INTO waffletype (name, Price, id, sub_sections_id) VALUES ('Berry Red Velvet W (Double Layer)', '550', '84', '7');
INSERT INTO waffletype (name, Price, id, sub_sections_id) VALUES ('Berry Red Velvet W (Single Layer)', '330', '85', '7');
INSERT INTO waffletype (name, Price, id, sub_sections_id) VALUES ('Chocolate With Sprinkles', '110', '98', '8');
INSERT INTO waffletype (name, Price, id, sub_sections_id) VALUES ('Triple Chocolate', '130', '99', '8');
INSERT INTO waffletype (name, Price, id, sub_sections_id) VALUES ('Milk & Dark Fantasy', '140', '100', '8');
INSERT INTO waffletype (name, Price, id, sub_sections_id) VALUES ('Dark & White Fantasy', '140', '101', '8');
INSERT INTO waffletype (name, Price, id, sub_sections_id) VALUES ('Oreo Cookie Crumble', '140', '102', '8');
INSERT INTO waffletype (name, Price, id, sub_sections_id) VALUES ('White & Dark Fantasy', '140', '103', '8');
INSERT INTO waffletype (name, Price, id, sub_sections_id) VALUES ('Caramel Delight', '140', '104', '8');
INSERT INTO waffletype (name, Price, id, sub_sections_id) VALUES ('Dark & Milk Fantasy', '140', '105', '8');
INSERT INTO waffletype (name, Price, id, sub_sections_id) VALUES ('Kit-Kat Waffle', '170', '106', '8');
INSERT INTO waffletype (name, Price, id, sub_sections_id) VALUES ('Nutella Waffle', '180', '107', '8');
INSERT INTO waffletype (name, Price, id, sub_sections_id) VALUES ('Kit-Kat Nutella Mix', '190', '108', '8');
INSERT INTO waffletype (name, Price, id, sub_sections_id) VALUES ('Nutella Brownie Blast', '190', '109', '8');
INSERT INTO waffletype (name, Price, id, sub_sections_id) VALUES ('Dark & White Delight', '70', '89', '9');
INSERT INTO waffletype (name, Price, id, sub_sections_id) VALUES ('Milk & Dark Delight', '70', '90', '9');
INSERT INTO waffletype (name, Price, id, sub_sections_id) VALUES ('Triple Chocolate M', '80', '91', '9');
INSERT INTO waffletype (name, Price, id, sub_sections_id) VALUES ('Waffle With Sprinkles', '70', '92', '9');
INSERT INTO waffletype (name, Price, id, sub_sections_id) VALUES ('Milk Chocoate Fantasy', '80', '93', '9');
INSERT INTO waffletype (name, Price, id, sub_sections_id) VALUES ('Oreo Dark Fantasy', '80', '94', '9');
INSERT INTO waffletype (name, Price, id, sub_sections_id) VALUES ('Kit Kat Crunch', '80', '95', '9');
INSERT INTO waffletype (name, Price, id, sub_sections_id) VALUES ('Naughty Nutella', '90', '96', '9');
INSERT INTO waffletype (name, Price, id, sub_sections_id) VALUES ('Brownie Blast', '90', '97', '9');

